Depth,Well,GR,RT,RHOB,NPHI,Facies
3500,15,36.374,1.756,2.468,0.1694,SS
3500.5,15,27.346,1.697,2.446,0.1662,SS
3501,15,16.766,1.924,2.4481,0.166,SS
3501.5,15,19.357,1.987,2.512,0.1679,SS
3502,15,17.445,2.017,2.494,0.1536,SS
3502.5,15,14.036,1.908,2.4781,0.1598,CB
3503,15,16.225,1.981,2.487,0.1505,CB
3503.5,15,15.664,2.088,2.4861,0.1505,CB
3504,15,16.917,2.171,2.5539,0.1407,CB
3504.5,15,14.554,2.254,2.5059,0.138,CB
3505,15,14.081,2.349,2.495,0.1409,CB
3505.5,15,13.683,2.547,2.5181,0.1218,CB
3506,15,16.003,2.397,2.508,0.1441,CB
3506.5,15,11.258,2.488,2.4781,0.1333,CB
3507,15,11.274,2.572,2.5398,0.1314,CB
3507.5,15,19.514,2.593,2.549,0.133,CB
3508,15,19.229,2.367,2.4991,0.138,CB
3508.5,15,13.844,2.232,2.511,0.1414,CB
3509,15,15.342,2.534,2.547,0.127,CB
3509.5,15,13.463,2.633,2.5319,0.139,CB
3510,15,16.587,2.416,2.505,0.1245,CB
3510.5,15,20.583,2.225,2.524,0.1362,CB
3511,15,14.677,2.299,2.517,0.1491,CB
3511.5,15,17.083,2.072,2.5151,0.1642,CB
3512,15,15.465,2.01,2.4611,0.1527,CB
3512.5,15,13.015,2.039,2.4659,0.1546,CB
3513,15,14.066,2.093,2.493,0.1635,CB
3513.5,15,15.395,2.149,2.4781,0.1359,CB
3514,15,17.405,2.15,2.539,0.1437,CB
3514.5,15,12.87,2.102,2.4978,0.1498,CB
3515,15,17.653,2.085,2.508,0.1588,CB
3515.5,15,18.005,2.094,2.5269,0.1399,CB
3516,15,14.461,2.241,2.5251,0.1517,CB
3516.5,15,15.451,2.279,2.489,0.1447,CB
3517,15,15.706,2.096,2.5229,0.1529,CB
3517.5,15,18.227,2.085,2.5071,0.1439,CB
3518,15,18.841,2.087,2.5081,0.1441,CB
3518.5,15,14.911,2.096,2.5109,0.1396,CB
3519,15,11.453,2.025,2.473,0.1434,CB
3519.5,15,13.031,2.275,2.4869,0.1564,CB
3520,15,11.918,2.272,2.4831,0.1458,CB
3520.5,15,13.465,2.239,2.533,0.1376,CB
3521,15,12.548,2.301,2.5238,0.1374,CB
3521.5,15,17.206,2.265,2.5281,0.119,CB
3522,15,15.549,2.345,2.491,0.1449,CB
3522.5,15,10.912,2.445,2.492,0.1053,CB
3523,15,13.857,2.484,2.496,0.1333,CB
3523.5,15,11.504,2.623,2.5221,0.128,CB
3524,15,17.593,2.595,2.5659,0.1205,CB
3524.5,15,20.14,2.718,2.5829,0.1223,CB
3525,15,14.433,2.985,2.5302,0.116,CB
3525.5,15,24.306,2.936,2.545,0.1288,CB
3526,15,21.312,2.733,2.5719,0.1231,CB
3526.5,15,17.628,2.861,2.554,0.124,CB
3527,15,17.446,3.402,2.558,0.1186,CB
3527.5,15,17.338,3.448,2.5651,0.1279,CB
3528,15,18.126,3.25,2.5849,0.1092,CB
3528.5,15,17.154,2.973,2.5431,0.1306,CB
3529,15,15.487,3.014,2.5311,0.1443,CB
3529.5,15,11.822,4.227,2.569,0.0974,CB
3530,15,11.563,4.368,2.586,0.0974,CB
3530.5,15,11.109,4.373,2.5849,0.0906,CB
3531,15,13.417,4.199,2.5621,0.0985,CB
3531.5,15,11.183,4.18,2.5681,0.0887,CB
3532,15,10.445,3.977,2.5691,0.1148,CB
3532.5,15,12.84,4.307,2.5839,0.0946,CB
3533,15,13.98,4.894,2.579,0.098,CB
3533.5,15,18.313,4.5,2.575,0.1045,CB
3534,15,15.838,4.5,2.6039,0.0951,CB
3534.5,15,13.701,4.491,2.57,0.1048,CB
3535,15,15.083,4.254,2.559,0.1017,CB
3535.5,15,12.28,4.037,2.5631,0.1105,CB
3536,15,16.115,3.197,2.4802,0.1357,CB
3536.5,15,12.363,3.48,2.5278,0.1105,CB
3537,15,10.707,4.078,2.5431,0.0973,CB
3537.5,15,14.931,4.067,2.5289,0.1079,CB
3538,15,16.555,4.63,2.559,0.1107,CB
3538.5,15,20.022,4.67,2.578,0.1093,CB
3539,15,22.349,4.393,2.5561,0.1081,CB
3539.5,15,19.926,4.747,2.561,0.116,CB
3540,15,21.947,4.515,2.56,0.1037,CB
3540.5,15,22.87,4.585,2.571,0.1143,CB
3541,15,20.053,5.058,2.5521,0.1011,CB
3541.5,15,22.196,4.767,2.5481,0.1223,CB
3542,15,27.557,4.171,2.5581,0.1249,CB
3542.5,15,16.917,5.02,2.5979,0.1028,CB
3543,15,20.484,5.496,2.5619,0.1023,CB
3543.5,15,13.042,5.718,2.5739,0.0984,CB
3544,15,17.256,5.848,2.5671,0.1056,CB
3544.5,15,19.347,5.996,2.583,0.1003,CB
3545,15,20.502,6.827,2.563,0.0973,CB
3545.5,15,25.086,5.572,2.5791,0.1095,CB
3546,15,21.592,5.946,2.5422,0.1321,CB
3546.5,15,13.346,6.916,2.5839,0.073,CB
3547,15,13.297,6.36,2.573,0.0846,CB
3547.5,15,13.277,5.557,2.6078,0.0902,CB
3548,15,13.239,6.124,2.567,0.0951,CB
3548.5,15,13.14,6.366,2.585,0.0849,CB
3549,15,15.239,5.784,2.5761,0.0893,CB
3549.5,15,18.38,5.175,2.571,0.0992,CB
3550,15,13.839,5.41,2.578,0.0924,CB
3550.5,15,12.31,6.182,2.6069,0.0731,CB
3551,15,13.928,5.726,2.5472,0.0858,CB
3552,15,14.847,6.591,2.6069,0.0865,CB
3552.5,15,9.185,7.583,2.578,0.0889,CB
3553,15,13.951,6.428,2.571,0.0816,CB
3553.5,15,10.253,6.747,2.575,0.0914,CB
3554,15,9.333,7.369,2.558,0.0735,CB
3554.5,15,11.25,6.205,2.563,0.0825,CB
3555,15,16.614,6.805,2.592,0.0923,CB
3555.5,15,14.283,6.914,2.5601,0.0835,CB
3556,15,19.707,5.541,2.559,0.1123,CB
3556.5,15,7.13,6.066,2.5479,0.0846,CB
3557,15,9.872,4.87,2.583,0.0891,CB
3557.5,15,15.3146,5.1724,2.5221,0.1178,CB
3558,15,7.579,6.627,2.5979,0.0719,CB
3558.5,15,7.598,6.736,2.586,0.078,CB
3559,15,7.59,6.718,2.5589,0.0805,CB
3559.5,15,13.303,5.024,2.567,0.0758,CB
3560,15,30.329,6.523,2.5728,0.1231,CB
3560.5,15,18.139,5.216,2.5551,0.0781,CB
3561,15,20.975,5.338,2.5599,0.1137,CB
3561.5,15,18.371,7.376,2.5629,0.0953,CB
3562,15,14.717,6.164,2.591,0.0756,CB
3562.5,15,22.383,5.929,2.5689,0.0994,CB
3563,15,13.523,6.347,2.5751,0.0826,CB
3563.5,15,31.653,4.189,2.557,0.1447,CB
3564,15,14.911,8.801,2.584,0.0906,CB
3564.5,15,21.821,6.764,2.5471,0.0969,CB
3565,15,14.2,6.948,2.5799,0.0769,CB
3565.5,15,17.58,5.436,2.564,0.0996,CB
3566,15,18.444,4.813,2.5241,0.1157,CB
3566.5,15,19.836,3.397,2.532,0.113,CB
3567,15,12.144,6.796,2.539,0.0878,CB
3567.5,15,10.669,7.331,2.564,0.0736,CB
3568,15,16.428,7.356,2.5999,0.076,CB
3568.5,15,16.979,6.996,2.5701,0.0822,CB
3569,15,18.318,4.969,2.56,0.0907,CB
3569.5,15,19.097,4.497,2.5161,0.1148,CB
3570,15,20.945,4.424,2.5537,0.1167,CB
3570.5,15,13.101,5.398,2.547,0.0888,CB
3571,15,14.36,5.538,2.5309,0.1021,CB
3571.5,15,13.408,5.717,2.539,0.0967,CB
3572,15,17.214,5.685,2.564,0.0921,CB
3572.5,15,22.477,4.796,2.533,0.1139,CB
3573,15,27.715,6.901,2.57,0.1314,CB
3573.5,15,17.598,7.215,2.5699,0.0826,CB
3574,15,17.728,6.794,2.577,0.0878,CB
3574.5,15,15.468,7.201,2.586,0.0792,CB
3575,15,16.44,7.236,2.6009,0.0792,CB
3575.5,15,17.538,7.314,2.567,0.0878,CB
3576,15,16.882,7.421,2.563,0.0726,CB
3576.5,15,17.455,7.653,2.5969,0.0784,CB
3577,15,17.345,7.756,2.5521,0.0871,CB
3577.5,15,16.349,7.016,2.566,0.0935,CB
3578,15,18.895,4.822,2.5221,0.0907,CB
3578.5,15,19.49,5.01,2.5739,0.1277,CB
3579,15,15.922,6.683,2.5768,0.1002,CB
3579.5,15,11.001,7.101,2.585,0.0916,CB
3580,15,12.702,7.214,2.579,0.0838,CB
3580.5,15,19.56,7.085,2.6011,0.0792,CB
3581,15,14.128,6.57,2.586,0.055,CB
3581.5,15,21.452,5.384,2.583,0.0913,CB
3582,15,16.113,4.226,2.556,0.1145,CB
3582.5,15,8.015,3.691,2.4931,0.1049,CB
3583,15,7.026,3.889,2.503,0.0864,CB
3583.5,15,28.867,2.994,2.573,0.0991,CB
3584,15,34.208,2.36,2.596,0.1572,CB
3584.5,15,30.614,2.504,2.5919,0.1194,CB
3585,15,25.497,3.155,2.581,0.105,CB
3585.5,15,33.005,2.663,2.5741,0.1159,CB
3586,15,29.177,2.64,2.5571,0.1075,CB
3586.5,15,19.51,4.34,2.6061,0.0901,CB
3587,15,22.077,4.373,2.6189,0.0906,CB
3587.5,15,25.936,3.64,2.597,0.115,CB
3588,15,31.186,2.981,2.5611,0.1241,CB
3588.5,15,28.94,3.091,2.588,0.1255,CB
3589,15,25.423,3.641,2.5999,0.098,CB
3589.5,15,24.703,5.125,2.6138,0.0932,CB
3590,15,23.417,4.807,2.605,0.09,CB
3590.5,15,31.28,4.497,2.6171,0.1111,CB
3591,15,26.023,3.386,2.5839,0.1136,CB
3591.5,15,26.037,3.391,2.5731,0.11,CB
3592,15,35.711,2.582,2.565,0.1401,CB
3592.5,15,32.909,2.668,2.5511,0.1385,CB
3593,15,49.937,2.443,2.4594,0.1827,UN
3593.5,15,27.894,2.518,2.58,0.1083,SS
3594,15,19.598,5.888,2.6149,0.0764,CB
3594.5,15,27.579,4.64,2.5771,0.1002,CB
3595,15,35.258,2.755,2.553,0.1343,CB
3595.5,15,32.522,2.857,2.578,0.1318,CB
3596,15,25.879,3.577,2.584,0.1179,CB
3596.5,15,18.736,3.468,2.5909,0.1049,CB
3597,15,17.017,3.531,2.6028,0.1106,CB
3597.5,15,17.586,3.447,2.581,0.1078,CB
3598,15,24.281,2.81,2.572,0.1429,CB
3598.5,15,30.93,2.141,2.535,0.1846,SS
3599,15,32.178,1.825,2.539,0.1698,SS
3599.5,15,22.37,2.134,2.553,0.1321,SS
3600,15,26.469,2.403,2.5589,0.1442,SS
3600.5,15,32.672,2.214,2.529,0.1581,SS
3601,15,26.763,1.946,2.56,0.1839,SS
3601.5,15,23.001,2.271,2.5461,0.1241,CB
3602,15,23.0083,2.4143,2.5628,0.1244,CB
3602.5,15,24.86,2.469,2.5431,0.135,CB
3603,15,33.424,2.368,2.557,0.1343,SS
3603.5,15,26.864,2.301,2.5609,0.1478,CB
3604,15,26.032,2.314,2.5351,0.125,CB
3604.5,15,32.037,2.498,2.579,0.1474,CB
3605,15,29.204,2.436,2.5639,0.1394,CB
3605.5,15,27.865,2.547,2.578,0.1301,CB
3606,15,22.857,3.073,2.577,0.1154,CB
3606.5,15,27.024,3.063,2.589,0.1202,CB
3607,15,27.719,3.4,2.591,0.09,CB
3607.5,15,25.643,3.636,2.5831,0.1122,CB
3608,15,26.382,2.738,2.568,0.1333,CB
3608.5,15,25.6,2.725,2.565,0.1581,CB
3609,15,33.78,2.126,2.55,0.1702,SS
3609.5,15,32.716,2.215,2.5439,0.1331,SS
3610,15,31.091,2.354,2.567,0.1636,SS
3611.5,15,6.756,4.525,2.618,0.0936,CB
3612,15,19.093,4.112,2.636,0.0837,CB
3612.5,15,16.744,3.62,2.6151,0.0955,CB
3613,15,19.865,3.165,2.6199,0.1087,CB
3613.5,15,18.585,2.989,2.5841,0.1172,CB
3614,15,20.056,3.622,2.609,0.119,CB
3614.5,15,17.333,3.651,2.592,0.0987,CB
3615,15,10.643,4.085,2.61,0.0917,CB
3615.5,15,10.271,4.182,2.603,0.0932,CB
3616,15,7.778,3.817,2.637,0.0927,CB
3616.5,15,6.909,3.471,2.6021,0.0918,CB
3620.5,15,6.914,2.38,2.5551,0.1685,SS
3621,15,5.147,3.195,2.571,0.1258,SS
3621.5,15,4.513,3.454,2.586,0.1052,CB
3622,15,5.095,2.802,2.6009,0.1221,CB
3622.5,15,6.999,2.572,2.5841,0.1268,CB
3623,15,36.085,2.081,2.5431,0.1516,SS
3623.5,15,32.986,2.386,2.574,0.1673,SS
3624,15,28.808,2.454,2.576,0.1526,SS
3624.5,15,28.262,2.662,2.573,0.1394,CB
3625,15,29.645,2.94,2.5919,0.1238,CB
3625.5,15,27.668,3.077,2.6001,0.115,CB
3626,15,36.564,2.786,2.6,0.1201,CB
3626.5,15,32.359,2.754,2.593,0.1339,CB
3627,15,33.731,2.523,2.566,0.1297,CB
3627.5,15,29.018,2.466,2.57,0.1372,CB
3628,15,31.105,2.756,2.596,0.1599,CB
3628.5,15,26.86,2.627,2.587,0.1255,CB
3629,15,28.628,2.68,2.5791,0.1344,CB
3629.5,15,31.821,2.313,2.589,0.1399,CB
3630,15,33.872,2.469,2.5761,0.162,SS
3630.5,15,26.3164,2.728,2.5581,0.1301,SS
3631,15,31.657,2.451,2.595,0.125,CB
3631.5,15,34.479,2.373,2.5621,0.1474,SS
3632,15,37.08,2.254,2.568,0.1649,SS
3632.5,15,40.177,2.486,2.583,0.1641,SS
3633,15,34.712,2.666,2.576,0.1533,CB
3633.5,15,35.306,2.438,2.5729,0.1416,CB
3634,15,30.604,2.702,2.58,0.1352,SS
3634.5,15,31.101,2.597,2.6149,0.1464,CB
3635,15,23.596,3,2.5941,0.1317,CB
3635.5,15,33.677,3.039,2.598,0.1305,CB
3636,15,24.606,4.246,2.5921,0.0903,CB
3636.5,15,21.8,3.373,2.5991,0.1266,CB
3637,15,43.058,1.994,2.5549,0.201,SS
3637.5,15,29.179,2.1,2.6158,0.197,SS
3638,15,38.022,2.683,2.589,0.1356,SS
3638.5,15,40.107,1.886,2.5321,0.1927,SS
3639,15,36.095,2.116,2.5769,0.1754,SS
3639.5,15,37.62,2.663,2.575,0.1435,SS
3640,15,32.312,2.837,2.6359,0.1477,SS
3640.5,15,45.565,2.508,2.5361,0.1862,SS
3641,15,44.496,1.788,2.5221,0.1874,SS
3641.5,15,41.894,1.571,2.53,0.2053,SS
3642,15,37.629,1.767,2.545,0.1787,SS
3642.5,15,41.725,1.838,2.535,0.2021,SS
3643,15,37.967,1.852,2.527,0.1786,SS
3643.5,15,36.549,1.954,2.55,0.1874,SS
3644,15,30.877,2.062,2.5551,0.1614,SS
3644.5,15,33.617,2.294,2.542,0.1498,SS
3645,15,35.351,2.123,2.5619,0.1723,SS
3645.5,15,35.556,2.017,2.545,0.181,SS
3646,15,38.182,2.006,2.5499,0.1776,SS
3646.5,15,34.646,2.055,2.5529,0.1743,SS
3647,15,30.505,2.091,2.5472,0.1701,SS
3647.5,15,27.167,2.089,2.559,0.1763,SS
3648,15,30.563,2.262,2.5501,0.1695,SS
3648.5,15,29.498,2.256,2.534,0.1691,SS
3649,15,38.969,2.085,2.5399,0.1799,SS
3649.5,15,39.966,2.068,2.5231,0.1756,SS
3650,15,47.766,1.954,2.5369,0.2152,SS
3650.5,15,57.125,1.783,2.535,0.193,SH
3651,15,31.719,2.381,2.5761,0.1433,SS
3651.5,15,18.154,3.463,2.564,0.1274,SS
3652,15,21.905,4.059,2.6149,0.1189,CB
3652.5,15,23.842,4.312,2.605,0.132,CB
3653,15,39.113,3.558,2.605,0.1545,CB
3653.5,15,26.139,3.667,2.5691,0.1087,CB
3654,15,33.91,3.615,2.563,0.1504,CB
3654.5,15,46.117,2.693,2.5069,0.2007,CB
3655,15,45.623,2.255,2.515,0.1863,SS
3655.5,15,42.09,2.15,2.516,0.1787,SS
3656,15,48.582,1.958,2.4571,0.2115,SS
3656.5,15,43.045,1.78,2.461,0.2215,SS
3657,15,45.754,1.876,2.4599,0.2056,SS
3657.5,15,48.051,1.786,2.47,0.182,SS
3658,15,48.113,1.733,2.44,0.1933,SS
3658.5,15,43.994,1.661,2.4371,0.2105,SS
3659,15,45.555,1.591,2.435,0.223,SS
3659.5,15,46.27,1.614,2.4469,0.2065,SS
3660,15,49.498,1.578,2.433,0.1995,SS
3660.5,15,47.22,1.561,2.4479,0.2184,SS
3661,15,47.54,1.642,2.449,0.2139,SS
3661.5,15,52.891,1.601,2.4361,0.1961,SS
3662,15,50.204,1.644,2.453,0.2113,SS
3662.5,15,45.866,1.743,2.4702,0.1878,SS
3663,15,56.661,1.969,2.5258,0.1803,SS
3663.5,15,57.957,1.774,2.7235,0.2008,CB
3664,15,41.882,1.853,2.6729,0.1357,CB
3664.5,15,30.281,1.996,2.588,0.1832,SS
3665,15,44.479,1.981,2.6119,0.1734,SS
3665.5,15,21.608,1.749,2.5823,0.1751,SS
3666,15,54.93,1.59,2.4754,0.2243,SS
3666.5,15,136.104,1.686,2.2531,0.5771,SH
3667,15,131.757,1.547,2.2579,0.4234,SH
3668,15,156.318,1.42,2.1591,0.4491,SH
3668.5,15,146.712,1.559,2.22,0.5287,SH
3669,15,141.078,1.497,2.2401,0.4114,SH
3669.5,15,127.813,1.268,2.327,0.4962,SH
3670,15,133.333,1.096,2.2764,0.5691,SH
3670.5,15,121.503,1.072,2.3541,0.4,SH
3671,15,117.268,1.039,2.398,0.3973,SH
3671.5,15,120.73,1.128,2.2899,0.3809,SH
3672,15,127.314,1.137,2.4916,0.4217,SH
3672.5,15,115.267,1.007,2.3381,0.3927,SH
3673,15,109.819,1.159,1.9911,0.4167,UN
3673.5,15,119.114,1.251,2.279,0.4898,SH
3674,15,122.436,1.319,2.4028,0.5083,SH
3674.5,15,115.967,1.468,2.285,0.3955,SH
3675,15,114.2523,1.6661,2.2976,0.3458,SH
3675.5,15,127.901,1.564,2.2449,0.4335,SH
3676,15,132.671,1.532,2.288,0.3787,SH
3676.5,15,137.819,1.614,2.2233,0.4457,SH
3677,15,159.033,1.592,2.2832,0.4886,SH
3677.5,15,177.229,1.633,2.3079,0.4388,SH
3678,15,156.773,1.702,2.24,0.3989,SH
3678.5,15,168.367,1.717,2.2779,0.4059,SH
3679,15,185.605,1.869,2.247,0.4793,SH
3679.5,15,180.864,1.779,2.2679,0.4807,SH
3680,15,168.136,1.718,2.2562,0.4489,SH
3680.5,15,176.193,1.758,2.23,0.5282,SH
3681,15,185.773,1.895,2.2579,0.4138,SH
3681.5,15,197.16,1.939,2.2531,0.417,SH
3682,15,188.393,1.962,2.2271,0.3555,SH
3682.5,15,188.163,1.992,2.2521,0.4128,SH
3683,15,209.249,2.284,2.2439,0.4496,SH
3683.5,15,197.913,2.312,2.179,0.4688,SH
3684,15,200.785,2.375,2.1841,0.4977,SH
3684.5,15,200.861,2.719,2.216,0.4631,SH
3685,15,193.232,3.126,2.0603,0.5202,SH
3685.5,15,178.464,2.615,2.1679,0.5014,SH
3686,15,172.107,2.401,2.2546,0.5607,SH
3686.5,15,166.079,2.023,2.2698,0.4576,SH
3687,15,163.66,1.987,2.2562,0.4195,SH
3687.5,15,175.938,2.148,2.24,0.3809,SH
3688,15,202.962,2.16,2.268,0.3888,SH
3688.5,15,225.812,2.25,2.2849,0.4978,SH
3689,15,223.06,2.259,2.2751,0.4695,SH
3689.5,15,212.074,2.293,2.3171,0.3596,SH
3690,15,231.794,2.362,2.2898,0.5103,SH
3690.5,15,222.641,2.408,2.315,0.4762,SH
3691,15,203.251,2.256,2.3419,0.4547,SH
3691.5,15,212.158,2.27,2.2891,0.4829,SH
3692,15,221.662,2.322,2.257,0.4378,SH
3692.5,15,214.933,2.391,2.276,0.4126,SH
3693,15,205.324,2.441,2.2439,0.4177,SH
3693.5,15,215.017,2.881,2.262,0.4471,SH
3694,15,183.13,2.381,2.5675,0.4386,SH
3694.5,15,179.555,1.133,2.335,0.4979,SH
3695,15,154.784,1.233,2.3558,0.5293,SH
3695.5,15,168.464,2.107,2.272,0.4645,SH
3696,15,189.276,2.183,2.2081,0.3222,UN
3696.5,15,199.33,2.353,2.22,0.436,SH
3697,15,190.429,2.467,2.2271,0.4782,SH
3697.5,15,194.611,2.418,2.233,0.5667,SH
3698,15,209.557,2.105,2.2552,0.4551,SH
3698.5,15,215.757,1.656,2.216,0.4034,SH
3699,15,207.544,1.236,2.3279,0.5535,SH
3699.5,15,184.36,1.098,2.2141,0.3384,UN
3700,15,205.124,1.557,2.2131,0.6501,SH
3700.5,15,186.647,10.335,2.2171,0.4611,SH
3701,15,185.251,408.976,2.189,0.4541,SH
3701.5,15,191.861,14.89,2.2231,0.396,SH
3702,15,205.05,5.23,2.2171,0.6156,SH
3702.5,15,215.581,0.946,2.1502,0.4127,SH
3703,15,355.111,0.11,2.5479,0.5177,SH
3703.5,15,1567.59,0.094,2.6976,0.423,SH
3704,15,407.082,0.975,2.564,0.2924,SH
3704.5,15,325.097,2.268,2.587,0.3164,SH
3705,15,252.629,3.002,2.3088,0.3213,SH
3705.5,15,183.005,5.019,2.417,0.3803,SH
3706,15,98.847,11.926,2.4803,0.2391,UN
3706.5,15,120.942,4.524,2.4623,0.2963,SH
3707,15,121.441,2.614,2.458,0.3209,SH
3707.5,15,118.802,2.592,2.401,0.3542,SH
3708,15,111.521,2.635,2.407,0.4196,SH
3708.5,15,111.989,4.141,2.4609,0.3707,SH
3709,15,106.349,3.856,2.4401,0.3527,SH
3709.5,15,111.379,3.735,2.4789,0.3521,SH
3710,15,112.923,2.379,2.4729,0.3694,SH
3710.5,15,121.553,2.178,2.5019,0.2722,SH
3711,15,111.555,2.479,2.4431,0.3097,SH
3711.5,15,115.233,2.248,2.4541,0.3398,SH
3712,15,119.435,2.563,2.453,0.3469,SH
3712.5,15,118.422,2.578,2.474,0.3808,SH
3713,15,117.68,3.158,2.4768,0.3079,SH
3713.5,15,100.007,3.178,2.5,0.3035,SH
3714,15,106.555,2.813,2.4411,0.2875,SH
3714.5,15,107.188,4.273,2.3862,0.467,SH
3715,15,111.805,3.612,2.4298,0.3596,SH
3715.5,15,115.666,7.212,2.3951,0.3222,SH
3716,15,58.328,11.687,2.6431,0.2759,SS
3716.5,15,44.294,5.683,2.3971,0.2181,SS
3717,15,106.961,4.193,2.41,0.361,SH
3717.5,15,135.31,2.559,2.4201,0.3431,SH
3718,15,111.72,2.328,2.4401,0.3233,SH
3718.5,15,124.581,2.107,2.46,0.3651,SH
3719,15,117.156,1.963,2.5278,0.3106,SH
3719.5,15,101.9466,1.9658,2.4405,0.3124,SH
3720,15,111.05,2.08,2.4849,0.3936,SH
3720.5,15,113.944,2.012,2.4042,0.3115,SH
3721,15,108.49,1.97,2.448,0.3277,SH
3721.5,15,104.848,1.769,2.476,0.2826,SH
3722,15,112.125,1.959,2.4919,0.356,SH
3722.5,15,117.288,2.209,2.5486,0.3483,SH
3723,15,109.65,1.309,2.4522,0.3512,SH
3723.5,15,114.593,2.87,2.4989,0.342,SH
3724,15,110.143,1.601,2.4572,0.2746,SH
3724.5,15,107.645,1.632,2.4691,0.3213,SH
3725,15,104.965,1.68,2.475,0.376,SH
3725.5,15,112.024,1.596,2.4221,0.2231,UN
3726,15,108.772,1.613,2.4491,0.3748,SH
3726.5,15,115.624,1.607,2.4631,0.3263,SH
3727,15,116.807,1.688,2.489,0.299,SH
3727.5,15,112.672,1.717,2.4711,0.3316,SH
3728,15,115.338,1.739,2.4888,0.3728,SH
3728.5,15,106.839,1.742,2.5269,0.3045,SH
3729,15,106.481,1.725,2.465,0.3701,SH
3729.5,15,108.244,1.733,2.4491,0.3592,SH
3730,15,106.75,1.684,2.4151,0.3646,SH
3730.5,15,121.115,1.754,2.3892,0.3713,SH
3731,15,115.954,2.119,2.4281,0.3552,SH
3731.5,15,111.317,2.554,2.6146,0.3385,SH
3732,15,106.16,2.054,2.4965,0.422,SH
3732.5,15,110.907,1.998,2.435,0.3352,SH
3733,15,112.611,1.89,2.4679,0.3788,SH
3733.5,15,104.528,1.773,2.447,0.3158,SH
3734,15,102.797,1.624,2.449,0.3301,SH
3734.5,15,97.061,1.681,2.4701,0.3572,SH
3735,15,105.335,1.795,2.466,0.3422,SH
3735.5,15,106.038,1.793,2.45,0.2756,SH
3736,15,99.638,1.675,2.4649,0.3102,SH
3736.5,15,97.442,1.683,2.4849,0.3305,SH
3737,15,104.662,1.646,2.461,0.3207,SH
3737.5,15,104.505,1.697,2.433,0.3074,SH
3738,15,104.137,1.577,2.4438,0.3371,SH
3738.5,15,93.341,1.465,2.4749,0.3425,SH
3739,15,106.423,1.809,2.452,0.3182,SH
3739.5,15,104.959,1.877,2.457,0.3202,SH
3740,15,104.468,1.88,2.455,0.3181,SH
3740.5,15,100.313,1.917,2.469,0.3079,SH
3741,15,98.452,2.132,2.4784,0.3296,SH
3741.5,15,94.637,2.292,2.4551,0.2752,SH
3742,15,95.965,2.066,2.4699,0.2984,SH
3742.5,15,96.786,2.039,2.4292,0.3605,SH
3743,15,102.956,1.824,2.4409,0.328,SH
3743.5,15,96.714,1.828,2.4201,0.393,SH
3744,15,104.706,1.835,2.442,0.3411,SH
3744.5,15,102.781,1.806,2.457,0.3041,SH
3745,15,105.04,1.782,2.432,0.3335,SH
3745.5,15,100.065,1.75,2.427,0.3027,SH
3746,15,102.213,1.772,2.418,0.3484,SH
3746.5,15,95.892,1.785,2.46,0.2846,SH
3747,15,100.736,1.758,2.431,0.3038,SH
3747.5,15,103.643,1.787,2.4281,0.3283,SH
3748,15,101.8793,1.776,2.4381,0.3394,SH
3748.5,15,99.197,1.725,2.4381,0.3169,SH
3749,15,101.132,1.696,2.471,0.3192,SH
3749.5,15,98.35,1.771,2.458,0.3147,SH
3750,15,96.82,1.873,2.4421,0.3386,SH
3750.5,15,98.931,1.721,2.448,0.2984,SH
3751,15,98.178,1.726,2.4451,0.2907,SH
3751.5,15,94.243,1.759,2.451,0.3238,SH
3752,15,99.582,1.802,2.4889,0.3237,SH
3752.5,15,14.514,1.806,2.47,0.2932,SS
3753,15,97.062,1.79,2.461,0.2822,SH
3753.5,15,98.618,1.817,2.472,0.2872,SH
3754,15,93.502,1.765,2.444,0.27,SH
3754.5,15,97.477,1.725,2.4579,0.2448,SH
3755,15,94.849,1.759,2.448,0.3272,SH
3755.5,15,102.356,1.846,2.4679,0.2517,SH
3756,15,97.812,1.788,2.4321,0.3189,SH
3756.5,15,98.72,1.756,2.471,0.345,SH
3757,15,99.595,1.722,2.454,0.3499,SH
3757.5,15,97.185,1.803,2.4501,0.2824,SH
3758,15,90.628,1.862,2.452,0.2717,SH
3758.5,15,97.201,1.976,2.443,0.2892,SH
3759,15,96.106,2.01,2.5091,0.2906,SH
3759.5,15,99.653,1.911,2.4663,0.2922,SH
3760,15,92.487,1.708,2.424,0.2882,SH
3760.5,15,87.227,2.179,2.44,0.2649,SH
3761,15,89.833,2.184,2.4552,0.2651,SH
3761.5,15,100.311,2.128,2.4679,0.2533,SH
3762,15,93.78,2.067,2.4211,0.2449,SH
3762.5,15,92.562,2.692,2.439,0.2932,SH
3763,15,83.147,2.169,2.5001,0.2493,SH
3763.5,15,87.879,2.102,2.4949,0.2423,SH
3764,15,87.545,2.04,2.507,0.259,SH
3764.5,15,83.211,1.908,2.5283,0.2578,SH
3765,15,81.548,1.926,2.5656,0.2522,SH
3765.5,15,81.335,1.881,2.5031,0.2637,SH
3766,15,84.455,1.837,2.502,0.2379,SH
3766.5,15,81.954,1.844,2.529,0.2848,SH
3767,15,79.509,1.816,2.4981,0.235,SH
3767.5,15,75.225,1.886,2.5788,0.2645,SH
3768,15,75.593,1.891,2.5451,0.237,SH
3768.5,15,82.066,1.852,2.5299,0.2456,SH
3769,15,82.057,1.858,2.513,0.2494,SH
3769.5,15,74.605,2.053,2.6216,0.2782,SH
3770,15,74.221,2.046,2.5371,0.2359,SH
3770.5,15,80.5,1.854,2.513,0.245,SH
3771,15,82.339,1.842,2.486,0.2703,SH
3771.5,15,79.506,1.853,2.488,0.2624,SH
3772,15,81.579,1.892,2.5059,0.2732,SH
3772.5,15,78.609,1.972,2.4671,0.2437,SH
3773,15,80.071,1.896,2.5122,0.2829,SH
3773.5,15,83.028,1.767,2.494,0.2794,SH
3774,15,81.337,1.823,2.514,0.2969,SH
3774.5,15,90.134,1.789,2.504,0.3026,SH
3775,15,82.184,2.09,2.5461,0.2699,SH
3775.5,15,103.916,1.813,2.4871,0.3191,SH
3776,15,85.904,1.809,2.5159,0.247,SH
3776.5,15,87.41,1.736,2.4859,0.2934,SH
3777,15,86.993,1.746,2.502,0.2716,SH
3777.5,15,86.329,1.742,2.477,0.2877,SH
3778,15,85.64,1.719,2.524,0.2665,SH
3778.5,15,58.245,1.952,2.692,0.245,SH
3779,15,73.636,1.936,2.5169,0.2376,SH
3779.5,15,78.023,1.791,2.5278,0.3064,SH
3780,15,79.897,1.757,2.519,0.2855,SH
3780.5,15,77.291,1.819,2.4981,0.2609,SH
3781,15,77.832,1.83,2.49,0.2606,SH
3781.5,15,27.321,1.828,2.5278,0.2879,SS
3782.5,15,81.154,1.639,2.503,0.2823,SH
3783,15,89.173,1.714,2.4911,0.2636,SH
3783.5,15,80.709,1.836,2.5189,0.2117,SH
3784,15,75.262,1.922,2.5182,0.2709,SH
3784.5,15,86.091,1.754,2.4939,0.2725,SH
3785,15,78.105,1.565,2.5109,0.2549,SH
3785.5,15,85.019,1.616,2.6235,0.2354,SH
3786,15,61.3,2.214,2.4308,0.2255,SH
3786.5,15,79.265,1.883,2.5098,0.2709,SH
3787,15,80.53,1.774,2.5299,0.2672,SH
3787.5,15,82.542,1.853,2.521,0.2826,SH
3788,15,89.563,1.895,2.5539,0.2526,SH
3788.5,15,84.872,1.861,2.4831,0.2892,SH
3789,15,84.931,1.714,2.461,0.2864,SH
3789.5,15,88.776,1.768,2.4991,0.2764,SH
3790.5,15,64.088,2.281,2.7596,0.249,SH
3791,15,59.629,1.69,2.5792,0.209,SH
3791.5,15,82.828,1.681,2.5377,0.3045,SH
3792,15,66.767,1.812,2.5183,0.2889,SH
3792.5,15,90.6173,1.6549,2.5059,0.2658,SH
3793,15,82.011,1.705,2.475,0.3101,SH
3793.5,15,78.552,1.736,2.499,0.2819,SH
3794,15,79.742,1.74,2.6295,0.267,SH
3794.5,15,71.809,1.611,2.5495,0.304,SH
3795,15,74.366,1.658,2.5231,0.2875,SH
3795.5,15,76.024,1.627,2.4909,0.2821,SH
3796,15,59.71,1.56,2.4948,0.2312,SH
3796.5,15,42.76,1.487,2.4079,0.2009,UN
3797,15,35.926,1.46,2.5148,0.2489,SS
3797.5,15,34.175,1.58,2.4002,0.2083,SS
3798,15,33.078,1.467,2.4131,0.2041,SS
3798.5,15,34.306,1.515,2.6373,0.2159,SS
3799,15,28.872,1.835,2.7028,0.1824,CB
3799.5,15,28.069,2.032,2.4882,0.184,CB
3800,15,25.304,2.037,2.4631,0.1582,CB
3800.5,15,27.389,1.94,2.474,0.1602,CB
3801,15,25.114,1.867,2.6047,0.1955,CB
3801.5,15,32.705,1.628,2.4423,0.2561,SS
3802,15,38.499,1.439,2.405,0.1942,SS
3802.5,15,40.109,1.51,2.4348,0.1963,UN
3803,15,46.663,1.658,2.4758,0.1968,SH
3803.5,15,51.987,1.726,2.4651,0.2252,SH
3804,15,66.129,1.801,2.496,0.2789,SH
3804.5,15,58.662,1.769,2.5251,0.3099,SH
3805,15,62.218,1.633,2.481,0.293,SH
3805.5,15,54.75,1.511,2.5994,0.2392,SH
3806,15,62.774,1.598,2.523,0.2384,SH
3806.5,15,42.823,1.722,2.6816,0.2474,SH
3807,15,38.592,1.731,2.5863,0.2201,SS
3807.5,15,29.207,1.915,2.6891,0.1423,CB
3808,15,40.964,1.707,2.4732,0.1953,UN
3808.5,15,43.016,1.213,2.5178,0.216,SH
3809,15,34.741,1.514,2.8166,0.2417,CB
3809.5,15,27.729,1.386,2.4095,0.245,SS
3810,15,32.705,1.245,2.4051,0.2362,SS
3810.5,15,40.249,1.186,2.4089,0.2078,UN
3811,15,36.821,1.122,2.6241,0.2024,SS
3811.5,15,41.148,1.099,2.427,0.2097,UN
3812,15,37.75,0.927,2.4677,0.2059,UN
3812.5,15,36.328,1.039,2.4182,0.2062,UN
3813,15,34.175,1.132,2.4051,0.2039,SS
3813.5,15,32.606,1.087,2.5916,0.2865,SS
3814,15,33.047,1.21,2.5077,0.2741,SS
3814.5,15,53.998,1.621,2.7622,0.3675,SH
3815,15,59.005,1.648,2.8282,0.4124,SH
3815.5,15,40.968,1.591,2.8506,0.3554,SH
3816,15,41.476,1.711,2.7113,0.4234,SH
3816.5,15,42.686,1.469,2.4892,0.3661,SH
3817,15,35.405,1.618,2.6034,0.3213,SS
3817.5,15,34.316,1.505,2.5759,0.2821,SS
3818,15,40.051,1.38,2.5297,0.3081,CB
3818.5,15,46.92,1.342,2.5609,0.2674,SH
3819,15,54.404,1.487,2.5164,0.3331,SH
3819.5,15,58.972,1.977,2.504,0.3524,SH
3820,15,64.071,2.127,2.6515,0.3243,SH
3820.5,15,48.885,1.931,2.6808,0.2741,SH
3821,15,30.4525,2.1244,2.627,0.1899,SS
3821.5,15,26.696,5.477,2.342,0.2324,SS
3822,15,23.378,11.228,2.495,0.1564,CB
3822.5,15,25.277,9.487,2.4493,0.1888,CB
3823,15,26.494,9.564,2.3889,0.1991,SS
3823.5,15,27.186,11.626,2.377,0.166,SS
3824,15,25.593,11.274,2.4569,0.1791,SS
3824.5,15,27.998,10.292,2.414,0.1628,CB
3825,15,26.656,11.618,2.3761,0.173,CB
3825.5,15,24.797,14.595,2.37,0.1805,SS
3826,15,23.442,13.317,2.316,0.1933,SS
3826.5,15,26.326,13.512,2.2921,0.2002,SS
3827,15,21.977,14.499,2.34,0.1731,SS
3827.5,15,21.657,22.975,2.2302,0.2001,SS
3828,15,22.276,17.899,2.229,0.1837,SS
3828.5,15,18.433,32.528,2.191,0.1839,SS
3829,15,20.743,7.01,2.2721,0.2514,SS
3829.5,15,19.133,21.39,2.3358,0.1665,SS
3830,15,14.463,44.258,2.5125,0.16,CB
3830.5,15,16.902,31.062,2.4071,0.1763,CB
3831,15,20.977,18.632,2.2302,0.226,CB
3831.5,15,21.562,37.181,2.2121,0.1846,CB
3832,15,28.705,22.069,2.221,0.2121,SS
3832.5,15,28.935,18.812,2.1749,0.2507,SS
3833,15,22.653,22.764,2.161,0.2252,SS
3833.5,15,24.978,21.292,2.1641,0.2442,SS
3834,15,23.964,22.367,2.178,0.2261,SS
3834.5,15,26.26,50.299,2.167,0.2347,SS
3835,15,30.757,26.566,2.176,0.2372,SS
3835.5,15,32.566,9.821,2.2568,0.2304,SS
3836,15,50.277,5.586,2.6088,0.1935,SH
3836.5,15,22.011,9.915,2.3513,0.17,CB
3837,15,26.416,11.887,2.2952,0.1962,CB
3837.5,15,28.984,10.053,2.3668,0.2006,SS
3838,15,22.256,11.895,2.3421,0.1822,SS
3838.5,15,24.518,11.558,2.409,0.1601,SS
3839,15,22.444,18.655,2.48,0.1479,CB
3839.5,15,22.696,14.4,2.3412,0.1517,CB
3840,15,23.927,17.51,2.3149,0.1707,CB
3840.5,15,16.742,23.789,2.3649,0.1529,CB
3841,15,19.29,23.794,2.3401,0.1399,CB
3841.5,15,17.139,24.691,2.2199,0.1306,SS
3842,15,25.536,13.608,2.3099,0.2064,SS
3842.5,15,28.973,10.539,2.235,0.2128,SS
3843,15,27.979,7.46,2.3351,0.1999,SS
3843.5,15,27.078,6.476,2.3514,0.2086,SS
3844,15,30.718,8.639,2.2341,0.2562,SS
3844.5,15,31.813,11.454,2.1731,0.2461,SS
3845,15,30.47,13.535,2.191,0.2532,SS
3845.5,15,34.61,14.181,2.2279,0.2449,SS
3846,15,33.001,12.456,2.1781,0.2396,SS
3846.5,15,32.736,13.83,2.185,0.2039,SS
3847,15,35.144,13.774,2.199,0.2279,SS
3847.5,15,36.595,16.343,2.5248,0.1838,CB
3848,15,30.969,18.765,2.6499,0.1146,CB
3848.5,15,33.238,17.971,2.3106,0.1897,CB
3849,15,37.107,16.681,2.208,0.2051,CB
3849.5,15,31.541,15.887,2.2089,0.2262,SS
3850,15,33.987,14.494,2.6448,0.1814,SS
3850.5,15,38.214,14.698,2.2602,0.199,SS
3851,15,34.86,12.763,2.207,0.2429,SS
3851.5,15,41.515,11.682,2.238,0.2207,SS
3852,15,40.295,18.717,2.3038,0.2177,SS
3852.5,15,35.373,21.776,2.2561,0.1973,SS
3853,15,37.539,9.417,2.2769,0.2118,SS
3853.5,15,39.493,5.325,2.4037,0.233,SS
3854,15,32.958,15.96,2.6975,0.1521,CB
3854.5,15,35.938,14.168,2.713,0.0746,CB
3855,15,61.638,10.516,2.3588,0.1099,CB
3855.5,15,46.674,17.67,2.6338,0.0927,CB
3856,15,32.446,19.355,2.5828,0.0906,CB
3856.5,15,39.871,13.715,2.3262,0.1791,CB
3857,15,38.481,16.482,2.27,0.2261,SS
3857.5,15,31.562,14.217,2.2919,0.2259,SS
3858,15,30.211,27.637,2.307,0.1938,SS
3858.5,15,30.615,15.572,2.328,0.1968,SS
3859,15,27.368,38.479,2.354,0.1675,SS
3859.5,15,35.543,22.822,2.311,0.1984,SS
3860,15,20.363,77.515,2.2031,0.1697,SS
3860.5,15,13.869,107.512,2.223,0.1616,SS
3861,15,15.331,65.189,2.234,0.1548,SS
3861.5,15,14.005,65.793,2.218,0.1803,SS
3862,15,15.52,78.394,2.1829,0.1792,SS
3862.5,15,18.047,75.873,2.1601,0.1784,SS
3863,15,16.71,69.97,2.1759,0.1839,SS
3863.5,15,16.073,79.097,2.173,0.1747,SS
3864,15,13.51,92.207,2.179,0.1604,SS
3864.5,15,17.436,102.935,2.173,0.16,SS
3865,15,12.807,105.878,2.176,0.1817,SS
3865.5,15,14.99,122.5497,2.1731,0.1621,SS
3866,15,14.588,112.295,2.1561,0.1749,SS
3866.5,15,18.204,95.827,2.163,0.172,SS
3867,15,22.963,89.021,2.1741,0.193,SS
3867.5,15,19.447,112.051,2.2139,0.1601,SS
3868,15,16.428,62.27,2.2131,0.1818,SS
3868.5,15,17.058,111.692,2.205,0.1602,SS
3869,15,13.769,151.638,2.1889,0.1749,SS
3869.5,15,13.936,102.153,2.181,0.1717,SS
3870,15,12.213,89.396,2.167,0.1796,SS
3870.5,15,12.761,115.43,2.1699,0.1407,SS
3871,15,15.184,85.49,2.1519,0.1468,SS
3871.5,15,13.51,67.787,2.1311,0.1863,SS
3872,15,13.072,70.331,2.153,0.1724,SS
3872.5,15,12.119,90.053,2.176,0.1666,SS
3873,15,14.122,76.388,2.212,0.1472,SS
3873.5,15,17.458,76.574,2.2011,0.1552,SS
3874,15,18.195,71.293,2.241,0.1554,SS
3874.5,15,22.196,45.15,2.2371,0.1681,SS
3875,15,33.813,18.675,2.3299,0.1891,SS
3875.5,15,39.971,13.01,2.3556,0.1727,CB
3876,15,40.443,13.571,2.532,0.1154,CB
3876.5,15,35.224,22.756,2.6399,0.0926,CB
3877,15,32.474,33.628,2.4138,0.1538,CB
3877.5,15,32.115,62.652,2.3946,0.2118,CB
3878,15,29.593,10.396,2.4957,0.2182,CB
3878.5,15,29.897,80.806,2.3549,0.173,CB
3879,15,29.123,461.17,2.4269,0.1515,CB
3879.5,15,31.343,23.602,2.6254,0.1067,CB
3880,15,35.223,16.35,2.436,0.2116,CB
3880.5,15,40.47,14.627,2.2571,0.2171,SS
3881,15,37.924,15.881,2.237,0.1959,SS
3881.5,15,32.297,15.924,2.235,0.2281,SS
3882,15,33.921,15.416,2.2739,0.201,SS
3882.5,15,37.475,13.965,2.278,0.2058,SS
3883,15,45.366,12.775,2.2561,0.2017,SS
3883.5,15,50.47,12.815,2.2639,0.2231,SS
3884,15,39.151,15.016,2.3089,0.2043,SS
3884.5,15,29.979,17.243,2.4139,0.169,SS
3885,15,34.207,17.83,2.3122,0.1834,SS
3885.5,15,36.342,13.211,2.313,0.1808,SS
3886,15,22.529,15.946,2.287,0.1797,SS
3886.5,15,19.955,20.022,2.249,0.1671,SS
3887,15,20.759,13.843,2.2729,0.1758,SS
3887.5,15,27.664,9.546,2.2552,0.1944,SS
3888,15,28.081,10.311,2.253,0.2079,SS
3888.5,15,30.325,14.336,2.2331,0.1848,SS
3889,15,28.854,12.246,2.245,0.1982,SS
3889.5,15,30.495,11.736,2.2599,0.1916,SS
3890,15,31.013,11.943,2.268,0.1911,SS
3890.5,15,32.447,12.167,2.255,0.1939,SS
3891,15,35.211,12.272,2.2111,0.1819,SS
3891.5,15,50.899,7.785,2.3898,0.2021,SS
3892,15,53.96,6.569,2.3182,0.2148,SS
3892.5,15,42.902,7.747,2.3219,0.1819,SS
3893,15,30.684,17.964,2.244,0.1887,SS
3893.5,15,29.352,15.045,2.3739,0.1415,SS
3894,15,29.872,15.057,2.3671,0.1537,SS
3894.5,15,56.059,13.085,2.3691,0.2309,SS
3895,15,42.03,7.478,2.2622,0.2103,SS
3895.5,15,34.425,7.246,2.243,0.2322,SS
3896,15,37.142,9.883,2.2379,0.2433,SS
3896.5,15,37.03,10.454,2.2701,0.212,SS
3897,15,35.78,11.209,2.28,0.2158,SS
3897.5,15,36.273,12.044,2.2631,0.1809,SS
3898,15,34.123,13.383,2.303,0.1746,SS
3898.5,15,28.886,12.719,2.3622,0.1862,SS
3899,15,26.42,17.456,2.1979,0.2027,SS
3899.5,15,18.951,17.538,2.201,0.1618,SS
3900,15,17.008,24.736,2.2379,0.1694,SS
3900.5,15,15.178,16.188,2.224,0.1714,SS
3901,15,16.677,16.987,2.2781,0.1736,SS
3901.5,15,18.285,17.487,2.2611,0.1528,SS
3902,15,21.092,16.166,2.2681,0.1431,SS
3902.5,15,21.755,16.619,2.2739,0.1483,SS
3903,15,24.591,14.768,2.288,0.1679,SS
3903.5,15,23.735,14.016,2.3,0.1578,SS
3904,15,21.515,14.125,2.2889,0.1426,SS
3904.5,15,23.942,13.473,2.2968,0.1541,SS
3905,15,22.986,11.433,2.2995,0.1817,SS
3905.5,15,22.61,11.302,2.2721,0.1577,SS
3906,15,22.974,9.63,2.2671,0.1606,SS
3906.5,15,23.638,9.549,2.3647,0.1724,SS
3907,15,23.789,11.857,2.2991,0.1743,SS
3907.5,15,23.748,18.398,2.2221,0.1514,SS
3908,15,38.177,19.659,2.3122,0.164,SS
3908.5,15,40.271,13.636,2.4289,0.1873,SS
3909,15,35.592,7.164,2.2001,0.2201,SS
3909.5,15,32.128,7.922,2.235,0.2279,SS
3910,15,32.8235,9.0233,2.2232,0.2096,SS
3910.5,15,33.007,9.153,2.2161,0.2204,SS
3911,15,29.08,9.149,2.228,0.2075,SS
3911.5,15,31.063,9.365,2.224,0.207,SS
3912,15,32.808,9.599,2.239,0.2051,SS
3912.5,15,34.037,8.506,2.2149,0.2277,SS
3913,15,32.764,11.237,2.2479,0.2218,SS
3913.5,15,27.647,13.532,2.305,0.1822,SS
3914,15,31.224,11.071,2.2939,0.1795,SS
3914.5,15,33.492,8.262,2.3141,0.2013,SS
3915,15,35.625,7.317,2.3181,0.2016,SS
3915.5,15,32.49,7.202,2.275,0.202,SS
3916,15,35.2,6.863,2.2461,0.1976,SS
3916.5,15,34.677,7.384,2.232,0.2047,SS
3917,15,40.748,7.577,2.2499,0.2333,SS
3917.5,15,39.963,6.036,2.2251,0.2231,SS
3918,15,42.128,6.006,2.3279,0.2112,SS
3918.5,15,41.309,4.709,2.3728,0.1966,SS
3919,15,39.871,4.652,2.3671,0.1983,SS
3919.5,15,38.144,3.791,2.2236,0.302,SS
3920,15,40.2,5.483,2.554,0.3581,SS
3920.5,15,35.763,5.075,2.5651,0.2701,SS
3921,15,29.736,4.363,2.5461,0.1853,CB
3921.5,15,17.016,4.014,2.594,0.1348,CB
3922,15,17.107,3.969,2.578,0.1487,CB
3922.5,15,12.667,3.483,2.5321,0.1614,CB
3923,15,14.539,3.166,2.5679,0.1766,CB
3923.5,15,15.479,3.268,2.5631,0.1233,CB
3924,15,12.483,3.702,2.5399,0.1066,CB
3924.5,15,14.212,3.282,2.5461,0.1784,CB
3925,15,9.859,2.169,2.4629,0.1394,CB
3925.5,15,12.967,2.483,2.5749,0.131,CB
3926,15,15.521,3.267,2.5521,0.1851,CB
3926.5,15,20.442,3.094,2.5191,0.1752,CB
3927,15,9.81,1.991,2.4043,0.1046,SS
3927.5,15,11.247,1.331,2.362,0.1566,SS
3928,15,13.585,1.621,2.4412,0.141,CB
3928.5,15,23.877,2.7,2.3954,0.1376,CB
3929,15,23.497,3.075,2.4074,0.151,CB
3929.5,15,24.166,2.637,2.4799,0.1475,SS
3930,15,29.482,3.073,2.4389,0.2045,CB
3930.5,15,20.448,3.538,2.412,0.153,CB
3931,15,20.76,2.995,2.5547,0.1257,CB
3931.5,15,23.894,3.243,2.4554,0.1674,CB
3932,15,38.602,5.186,2.398,0.2205,UN
3932.5,15,39.515,4.876,2.4339,0.2197,UN
3933,15,38.52,4.128,2.4881,0.1939,CB
3933.5,15,38.944,3.134,2.1815,0.1605,CB
3934,15,42.565,2.719,2.578,0.1799,CB
3934.5,15,34.981,2.267,2.5291,0.1344,CB
3935,15,22.077,2.165,2.5157,0.1368,CB
3935.5,15,33.076,1.885,2.4601,0.1481,CB
3936,15,27.186,1.563,2.447,0.1335,CB
3936.5,15,15.312,1.541,2.4297,0.1786,CB
3937,15,37.961,2.144,2.4082,0.2481,CB
3937.5,15,32.774,2.194,2.3861,0.1997,CB
3938,15,26.891,1.135,2.366,0.1482,CB
3938.5,15,27.2948,0.9381,2.361,0.1483,CB
3939,15,23.834,0.968,2.3421,0.1963,CB
3939.5,15,28.259,1.07,2.4128,0.1429,CB
3940,15,30.926,1.4,2.436,0.1287,CB
3940.5,15,34.122,1.48,2.5719,0.1512,CB
3941,15,49.682,1.669,2.481,0.1925,UN
3941.5,15,45.185,1.516,2.5247,0.1336,CB
3942,15,32.724,1.426,2.4443,0.1474,CB
3942.5,15,68.199,1.47,2.5509,0.2366,SH
3943,15,70.164,1.666,2.5438,0.3365,SH
3943.5,15,71.291,1.695,2.553,0.1681,SH
3944,15,44.797,1.393,2.424,0.13,CB
3944.5,15,61.926,1.234,2.4863,0.1115,CB
3945,15,58.77,1.11,2.433,0.1617,CB
3945.5,15,66.163,1.143,2.443,0.157,CB
3946,15,74.059,1.353,2.5049,0.1443,CB
3946.5,15,80.589,1.397,2.5039,0.1466,CB
3947,15,73.381,1.263,2.4611,0.1239,CB
3947.5,15,46.287,0.99,2.4148,0.1418,CB
3948,15,49.442,0.734,2.3519,0.134,CB
3948.5,15,56.362,0.609,2.337,0.1861,CB
3949,15,43.034,0.566,2.3049,0.1615,SS
3949.5,15,48.534,0.601,2.3409,0.1649,CB
3950,15,95.518,0.715,2.3825,0.1449,CB
3950.5,15,72.33,0.67,2.3866,0.1326,CB
3951,15,52.858,0.517,2.3284,0.1674,CB
3951.5,15,65.658,0.474,2.363,0.1733,CB
3952,15,61.747,0.505,2.341,0.1926,CB
3952.5,15,48.625,0.544,2.3191,0.1696,CB
3953,15,52.057,0.589,2.4218,0.1521,CB
3953.5,15,65.471,0.607,2.3702,0.1642,CB
3954,15,54.808,0.582,2.2971,0.1752,CB
3954.5,15,47.597,0.591,2.299,0.1724,CB
3955,15,49.429,0.529,2.2889,0.1842,SS
3955.5,15,38.82,0.531,2.3102,0.2012,SS
3956,15,41.235,0.538,2.3469,0.1754,CB
3956.5,15,31.225,0.554,2.324,0.1896,CB
3957,15,83.638,0.669,2.3563,0.1485,SS
3957.5,15,74.333,0.737,2.2971,0.1529,SS
3958,15,51.839,0.689,2.3967,0.1702,SS
3958.5,15,50.502,0.633,2.376,0.1524,SS
3959,15,45.255,0.631,2.2962,0.1564,SS
3959.5,15,47.237,0.652,2.4761,0.1687,CB
3960,15,72.644,0.741,2.5446,0.1625,SH
3960.5,15,88.939,0.82,2.497,0.1583,UN
3961,15,47.368,0.691,2.34,0.1694,CB
3961.5,15,54.047,0.593,2.3399,0.1926,SS
3962,15,50.086,0.629,2.3163,0.1602,SS
3962.5,15,43.239,0.636,2.3676,0.1932,SS
3963,15,44.435,0.674,2.3837,0.1821,SS
3963.5,15,53.079,0.756,2.377,0.1719,SS
3964,15,70.745,0.872,2.5157,0.1327,CB
3964.5,15,73.614,0.878,2.4611,0.1382,CB
3965,15,57.96,0.811,2.3611,0.1516,CB
3965.5,15,50.07,0.718,2.4019,0.1628,SS
3966,15,50.714,0.728,2.3819,0.1718,SS
3966.5,15,55.209,0.713,2.396,0.1679,SS
3967,15,42.675,0.613,2.3491,0.1855,SS
3967.5,15,41.524,0.894,2.62,0.1413,CB
3968,15,48.597,1.94,2.7261,0.0946,CB
3968.5,15,53.593,1.115,2.4224,0.1418,CB
3969,15,42.716,0.6,2.3341,0.1951,CB
3969.5,15,36.786,0.617,2.3978,0.1434,SS
3970,15,30.028,1.229,2.6382,0.1339,CB
3970.5,15,23.965,2.295,2.737,0.0609,CB
3971,15,34.864,0.985,2.3413,0.1358,CB
3971.5,15,44.946,0.819,2.3987,0.1637,CB
3972,15,56.257,1.151,2.445,0.1561,SS
3972.5,15,57.521,1.359,2.4439,0.1617,SS
3973,15,47.846,0.86,2.3531,0.1809,SS
3973.5,15,45.949,0.665,2.318,0.222,SS
3974,15,52.089,0.937,2.6033,0.1747,SH
3974.5,15,31.503,0.826,2.4381,0.1411,CB
3975,15,32.637,0.596,2.3621,0.1595,CB
3975.5,15,35.005,0.575,2.343,0.1492,CB
3976,15,42.722,0.842,2.4168,0.1727,CB
3976.5,15,66.298,1.823,2.6892,0.2053,SH
3977,15,75.407,1.459,2.5372,0.1666,SH
3977.5,15,47.733,0.607,2.3579,0.1955,CB
3978,15,36.935,0.495,2.3157,0.1916,SS
3978.5,15,45.775,0.82,2.4877,0.1478,SS
3979,15,44.641,0.748,2.3129,0.2039,SS
3979.5,15,43.509,0.785,2.3511,0.1732,SS
3980,15,41.714,1.347,2.5929,0.1452,CB
3980.5,15,37.309,1.143,2.3102,0.1748,CB
3981,15,34.291,0.77,2.331,0.2081,CB
3981.5,15,56.831,0.827,2.442,0.1562,SS
3982,15,46.694,0.617,2.285,0.2062,SS
3982.5,15,39.083,0.661,2.3058,0.1905,SS
3983,15,41.3296,1.0893,2.5553,0.1935,SS
3983.5,15,31.929,3.594,2.6479,0.0898,CB
3984,15,35.127,2.52,2.5852,0.1102,CB
3984.5,15,28.928,1.586,2.4741,0.0962,CB
3985,15,33.894,1.27,2.434,0.1248,CB
3985.5,15,26.633,1.848,2.5579,0.1457,CB
3986,15,26.901,2.055,2.4771,0.0648,CB
3986.5,15,31.112,2.434,2.564,0.1186,CB
3987,15,39.241,2.183,2.5451,0.1598,CB
3987.5,15,40.891,1.276,2.3681,0.1463,CB
3988,15,30.489,1.018,2.441,0.1774,CB
3988.5,15,30.327,0.822,2.3351,0.1321,CB
3989,15,31.659,1.383,2.4722,0.1286,CB
3989.5,15,36.665,1.901,2.4949,0.1445,CB
3990,15,34.914,2.39,2.4939,0.1778,CB
3990.5,15,37.071,0.814,2.4713,0.1076,CB
3991,15,41.771,1.428,2.3719,0.1011,CB
3991.5,15,41.521,3.747,2.7207,0.1259,CB
3992,15,35.897,0.923,2.3588,0.2121,CB
3992.5,15,34.713,0.461,2.26,0.2414,SS
3993,15,32.029,0.4,2.4311,0.2199,SS
3993.5,15,49.158,0.455,2.455,0.1451,SS
3994,15,46.38,0.956,2.406,0.1696,SS
3994.5,15,54.47,0.896,2.399,0.1702,CB
3995,15,40.784,0.961,2.372,0.1815,SS
3995.5,15,40.112,0.744,2.3449,0.1906,SS
3996,15,41.018,0.601,2.375,0.203,SS
3996.5,15,46.259,0.722,2.43,0.1735,SS
3997,15,45.926,0.865,2.4001,0.1705,SS
3997.5,15,51.792,1.004,2.5257,0.1596,UN
3998,15,57.163,1.135,2.4353,0.1835,SS
3998.5,15,34.262,1.079,2.3142,0.1653,CB
3999,15,25.813,0.668,2.298,0.1987,CB
3999.5,15,24.012,0.459,2.299,0.178,SS
4000,15,30.431,0.458,2.3792,0.1601,SS
4000.5,15,33.153,0.56,2.3508,0.1829,SS
4001,15,39.124,0.595,2.409,0.176,SS
4001.5,15,44.753,0.949,2.4042,0.1779,SS
4002,15,28.306,0.983,2.3429,0.1524,SS
4002.5,15,26.096,0.711,2.381,0.1398,CB
4003,15,30.138,0.746,2.405,0.1667,CB
4003.5,15,28.888,0.719,2.3619,0.1493,CB
4004,15,23.295,0.657,2.3359,0.15,CB
4004.5,15,26.066,0.59,2.3609,0.1381,CB
4005,15,22.944,0.601,2.359,0.1614,CB
4005.5,15,22.726,0.626,2.3461,0.1423,CB
4006,15,22.984,0.656,2.3462,0.1564,CB
4006.5,15,24.446,0.629,2.3213,0.1502,CB
4007,15,40.882,0.629,2.4177,0.1405,CB
4007.5,15,32.45,0.642,2.4244,0.1337,CB
4008,15,24.561,0.696,2.3941,0.1399,CB
4008.5,15,25.419,0.669,2.327,0.1642,SS
4009,15,24.548,0.519,2.2921,0.1836,SS
4009.5,15,25.749,0.414,2.321,0.1577,SS
4010,15,22.679,0.406,2.3641,0.1397,CB
4010.5,15,55.058,1.21,2.4881,0.1319,CB
4011,15,55.867,2.1,2.4621,0.1356,CB
4011.5,15,53.1314,1.8659,2.5799,0.1207,CB
4012,15,43.539,1.709,2.557,0.1324,CB
4012.5,15,47.783,1.668,2.5262,0.1285,CB
4013,15,44.828,1.3,2.4593,0.1161,CB
4013.5,15,47.102,0.928,2.392,0.1732,CB
4014,15,42.061,0.719,2.3601,0.2008,CB
4014.5,15,43.356,0.562,2.356,0.1836,SS
4015,15,37.875,0.506,2.337,0.1749,SS
4015.5,15,30.688,0.471,2.2921,0.1904,SS
4016,15,34.855,0.543,2.378,0.1637,SS
4016.5,15,41.709,0.707,2.4029,0.1669,SS
4017,15,40.956,0.928,2.3691,0.1592,SS
4017.5,15,38.232,0.933,2.4208,0.1407,CB
4018,15,37.065,1.073,2.4104,0.1567,CB
4018.5,15,36.868,1.055,2.4039,0.1499,CB
4019,15,49.944,1.105,2.4389,0.1615,CB
4019.5,15,40.96,0.728,2.3296,0.176,CB
4020,15,32.127,0.472,2.2721,0.204,SS
4020.5,15,30.388,0.732,2.4251,0.1241,SS
4021,15,40.351,1.808,2.4714,0.1107,CB
4021.5,15,34.585,1.139,2.3355,0.1482,CB
4022,15,31.615,1.014,2.4935,0.1274,CB
4022.5,15,40.378,1.634,2.5559,0.1094,CB
4023,15,39.776,1.702,2.4003,0.1348,CB
4023.5,15,35.275,0.891,2.3421,0.1483,CB
4024,15,30.049,0.653,2.4439,0.1349,CB
4024.5,15,31.864,0.825,2.4431,0.1415,CB
4025,15,33.434,0.865,2.4381,0.1276,CB
4025.5,15,29.683,0.93,2.5715,0.1138,CB
4026,15,25.663,1.34,2.657,0.0851,CB
4026.5,15,39.18,1.031,2.3801,0.1631,CB
4027,15,56.939,0.889,2.4631,0.1745,CB
4027.5,15,50.66,1.017,2.4082,0.1569,CB
4028,15,45.382,1.028,2.4589,0.1593,CB
4028.5,15,49.313,0.906,2.4201,0.1478,CB
4029,15,34.718,0.589,2.3211,0.2161,CB
4029.5,15,33.803,0.512,2.2672,0.1957,SS
4030,15,41.087,0.577,2.3701,0.2007,SS
4030.5,15,28.534,0.525,2.2621,0.1748,SS
4031,15,33.812,0.567,2.3468,0.2063,SS
4031.5,15,33.39,0.738,2.3218,0.1758,SS
4032,15,50.572,1.192,2.4738,0.1412,CB
4032.5,15,50.508,1.696,2.5097,0.1427,CB
4033,15,46.506,1.508,2.428,0.1543,CB
4033.5,15,46.837,1.787,2.4891,0.1368,CB
4034,15,50.805,2.049,2.5429,0.1321,CB
4034.5,15,54.063,2.057,2.5319,0.1377,CB
4035,15,49.982,2.148,2.581,0.1316,CB
4035.5,15,49.491,1.982,2.5121,0.1414,CB
4036,15,49.426,1.704,2.514,0.1539,CB
4036.5,15,49.134,1.188,2.3632,0.2099,CB
4037,15,42.215,0.941,2.3701,0.173,CB
4037.5,15,30.484,0.958,2.4658,0.1702,CB
4038,15,30.798,1.202,2.449,0.1368,CB
4038.5,15,47.255,1.754,2.5479,0.1271,CB
4039,15,51.194,1.654,2.6213,0.1281,CB
4039.5,15,32.81,0.933,2.3499,0.1684,CB
4040,15,31.428,1.053,2.5945,0.187,CB
4040.5,15,43.383,1.78,2.448,0.1367,CB
4041,15,56.999,1.884,2.4713,0.1171,CB
4041.5,15,49.468,1.669,2.4583,0.1698,CB
4042,15,30.378,1.544,2.5027,0.1547,CB
4042.5,15,44.785,1.161,2.436,0.1223,CB
4043,15,52.734,1.009,2.448,0.2083,UN
4043.5,15,44.463,1.085,2.3941,0.1964,CB
4044,15,55.344,1.742,2.5106,0.1694,UN
4044.5,15,76.383,2.214,2.5709,0.1618,SH
4045,15,76.336,1.952,2.4881,0.1886,UN
4045.5,15,78.715,1.752,2.475,0.1794,UN
4046,15,67.411,1.69,2.3679,0.1936,CB
4046.5,15,54.332,1.439,2.4447,0.1862,UN
4047,15,57.792,1.358,2.4121,0.1894,CB
4047.5,15,64.428,1.583,2.4372,0.1731,CB
4048,15,71.846,1.722,2.4711,0.1914,UN
4048.5,15,67.9,1.752,2.4701,0.173,UN
4049,15,66.403,1.874,2.442,0.21,UN
4049.5,15,71.568,2.075,2.565,0.1838,SH
4050,15,59.528,1.773,2.4689,0.2077,SH
4050.5,15,52.531,1.523,2.4051,0.2337,UN
4051,15,58.15,1.669,2.448,0.2183,UN
4051.5,15,63.863,1.836,2.4571,0.191,UN
4052,15,61.888,1.94,2.4729,0.193,UN
4052.5,15,60.138,1.968,2.4302,0.1691,CB
4053,15,65.767,1.893,2.4771,0.1875,UN
4053.5,15,72.6,1.872,2.488,0.1926,SH
4054,15,72.025,1.827,2.5438,0.1872,SH
4054.5,15,73.854,1.681,2.4064,0.1879,CB
4055,15,69.846,1.836,2.4509,0.1969,UN
4055.5,15,76.214,1.695,2.4579,0.1989,UN
4056,15,64.4834,1.7092,2.4332,0.1981,UN
4056.5,15,70.155,1.78,2.4211,0.202,UN
4057,15,50.405,1.81,2.485,0.1463,CB
4057.5,15,58.434,1.707,2.481,0.1369,CB
4058,15,67.434,1.584,2.4499,0.1948,UN
4058.5,15,60.209,1.567,2.427,0.1918,CB
4059,15,56.715,1.691,2.4688,0.2077,UN
4059.5,15,64.877,1.733,2.486,0.2099,SH
4060,15,57.359,1.747,2.458,0.1726,CB
4060.5,15,64.596,1.776,2.5029,0.1999,SH
4061,15,44.586,1.641,2.4812,0.1625,CB
4061.5,15,43.464,1.241,2.3744,0.185,CB
4062,15,42.091,0.91,2.3002,0.1911,CB
4062.5,15,37.004,0.945,2.3529,0.1905,SS
4063,15,44.142,1.307,2.4729,0.1653,SS
4063.5,15,35.336,1.19,2.4559,0.1666,CB
4064,15,43.792,1.043,2.3412,0.2095,CB
4064.5,15,47.286,1.208,2.412,0.1916,CB
4065,15,55.337,1.19,2.4582,0.1854,CB
4065.5,15,49.304,1.275,2.457,0.183,CB
4066,15,50.842,1.187,2.4439,0.1679,CB
4066.5,15,52.009,1.183,2.47,0.1826,CB
4067,15,56.395,1.276,2.4519,0.1987,UN
4067.5,15,102.985,1.368,2.4549,0.2275,SH
4068,15,84.732,1.301,2.3952,0.1885,CB
4068.5,15,67.82,1.146,2.4189,0.1238,CB
4069,15,65.067,1.082,2.42,0.1829,SS
4069.5,15,59.612,1.1,2.429,0.1827,SS
4070,15,58.425,1.188,2.4339,0.2099,UN
4070.5,15,59.572,1.353,2.5577,0.213,SS
4071,15,72.172,1.408,2.4619,0.1972,UN
4071.5,15,76.585,1.339,2.4521,0.1972,UN
4072,15,63.861,1.172,2.444,0.2108,UN
4072.5,15,49.746,0.985,2.3651,0.1562,SS
4073,15,43.953,0.983,2.401,0.2048,SS
4073.5,15,44.703,1.137,2.5138,0.2053,SS
4074,15,51.512,1.253,2.2916,0.1859,SS
4074.5,15,48.933,1.153,2.38,0.2008,CB
4075,15,65.408,1.227,2.4349,0.1695,CB
4075.5,15,68.582,1.277,2.5019,0.1792,SH
4076,15,74.596,1.283,2.465,0.2118,SH
4076.5,15,76.227,1.384,2.4479,0.1944,UN
4077,15,67.636,1.504,2.5118,0.1701,UN
4077.5,15,66.208,1.443,2.52,0.1742,SH
4078,15,48.114,1.229,2.3988,0.1697,CB
4078.5,15,53.421,1.326,2.4269,0.1781,SS
4079,15,49.631,1.391,2.3404,0.1908,CB
4079.5,15,61.342,1.469,2.5118,0.1599,UN
4080,15,47.235,1.387,2.428,0.1812,CB
4080.5,15,54.24,1.429,2.437,0.1906,CB
4081,15,61.496,1.497,2.4549,0.1684,CB
4081.5,15,59.535,1.524,2.4161,0.1906,CB
4082,15,66.454,1.568,2.4979,0.1808,SH
4082.5,15,63.858,1.752,2.5161,0.1837,UN
4083,15,51.534,1.869,2.508,0.1341,CB
4083.5,15,59.706,1.759,2.4851,0.1416,CB
4084,15,58.417,1.651,2.486,0.1416,CB
4084.5,15,57.499,1.597,2.5311,0.1527,CB
4085,15,56.785,1.482,2.4731,0.1785,CB
4085.5,15,61.722,1.435,2.492,0.1566,CB
